question,is_ookb,0.38
What are the subsidies provided to individuals who are not part of the Merdeka or Pioneer Generation for MediShield Life premiums?,0,
What factors does the MediShield Life premium calculation consider when accounting for age and ward class for insured individuals?,0,
What is the rationale behind applying a pro-ration factor for hospitalization charges for Permanent Residents under MediShield Life?,0,
What adjustments does the MediShield Life program make for older Pioneer Generation seniors who opt for unsubsidised healthcare treatments in private hospitals?,0,
How are the premiums for MediShield Life adjusted for different income groups in Singapore?,0,
What benefits do Singapore residents receive from premiums reimbursed through MediShield Life when transitioning to Integrated Shield Plans?,1,
Why are there differences in subsidy eligibility between Singapore Citizens and Permanent Residents under MediShield Life?,1,
How does the deductible amount vary for policyholders hospitalized in different ward classes under Singapore's MediShield program?,0,
What factors determine the discount rates for subsidies under MediShield Life for older Pioneer Generation seniors in Singapore?,0,
How does MediShield Life ensure coverage for low-income households in Singapore?,0,
How does the government address concerns related to rising premiums for long-term MediShield Life coverage?,0,
What is the maximum limit for claimable expenses under MediShield Life for outpatient kidney dialysis treatments?,0,
What are the coverage limitations for serious complications arising from pregnancy under Singapore's MediShield Life program?,0,
What benefits do individuals below age 40 receive from MediShield Life regarding premium rates?,0,
What factors influence the percentage of MediShield Life payouts for hospital stays in Ward A versus Ward B2?,1,
What type of medical conditions qualify for premium rebates for older MediShield Life policyholders in Singapore?,1,
What is the criteria for determining the percentage of government subsidies for MediShield Life premiums based on household income and annual home valuation?,1,
What is the difference between deductible amounts for MediShield Life coverage in Wards C and A for senior citizens?,0,
What is the impact of pro-ration factors on MediShield Life claims for foreign residents in Singapore?,1,
What is the eligibility requirement for receiving Pioneer Generation Subsidies for MediShield Life premiums in Singapore?,0,
What is the eligibility age for Pioneer Generation subsidies to start under the MediShield Life program?,0,
Are cosmetic enhancements like Botox treatments covered under Singapore's MediShield Life program?,0,
What happens to MediShield Life coverage if an insured individual moves abroad permanently?,1,
What is the penalty for late payment of MediShield Life premiums in Singapore?,1,
What factors influence the amount of MediSave contributions that can be utilized for premium payments under Singapore's MediShield Life program?,1,
What percentage of the outpatient radiotherapy bill is claimable for non-subsidised Private Healthcare under MediShield Life?,1,
How does the MediShield Life program impact Singapore Citizens' access to essential health services in public hospitals?,0,
What kind of financial assistance is available for individuals who cannot afford their MediShield Life premiums due to insufficient MediSave funds?,0,
What measures are in place within Singapore's MediShield Life Scheme to assist individuals born after 1959 with rising premium costs?,0,
What happens if an insured member under MediShield Life incurs an outpatient bill only partially covered by subsidies?,0,
How does the MediShield Life program handle claims in cases where outpatient treatments are reimbursed by another insurance policy?,1,
How does MediShield Life address the differences in healthcare costs between public subsidised hospitals and private healthcare providers?,1,
What is the process for updating MediShield Life premiums to reflect increases in healthcare costs across Singapore?,1,
What factors determine the percentage of subsidy eligibility for MediShield Life premiums in Singapore?,0,
"What is the percentage reduction in MediShield Life premiums for citizens living in properties with an annual value of $13,000 or below?",1,
"What is the maximum premium rebate for MediShield Life participants in Singapore, and how is this rebate structured?",0,
What financial assistance options are available for policyholders who struggle to pay MediShield Life premiums despite receiving subsidies and using MediSave?,0,
What is the maximum age at which MediShield Life premium rebates stop being awarded to insured members in Singapore?,0,
What financial support is provided for MediShield Life premiums for lower-income families who cannot afford them entirely?,0,
"What is the co-insurance rate applied for hospitalization charges above $10,000 under Singapore's MediShield program?",0,
What percentage of MediShield Life premiums is covered by subsidies for Singapore Citizens living in homes with a lower Annual Value?,0,
What measures exist under Singapore's MediShield Life program to support individuals who have recently lost their source of income?,1,
What factors determine the lower claimable amount for outpatient treatments under MediShield Life?,1,
What percentage of cancer drug costs is covered under MediShield Life for subsidised treatments in public hospitals?,0,
What is the impact of opting for unsubsidized outpatient treatment on MediShield Life claims compared to subsidized treatments?,0,
What measures does the Singapore Government implement to ensure long-term affordability of MediShield Life premiums?,0,
What steps must an individual take in order to receive financial assistance for MediShield Life premiums if they are unable to afford them due to insufficient MediSave balance?,,
What rebates are available upon early enrollment in Singapore's MediShield program?,,
"What is the percentage of premiums covered by subsidies for lower-income Singapore Citizens residing in homes with annual values below $13,000 under the MediShield Life program?",,
What is the age threshold that determines the changing deductible amounts for insured members under Singapore’s MediShield program?,,
What happens if the monthly contribution to MediSave is insufficient to cover MediShield Life premiums?,,
What factors influence the Phased Support eligibility criteria under Singapore's MediShield Life Scheme?,1,
What is the eligibility criteria for receiving MediSave top-ups under the Pioneer Generation Package in Singapore?,,
"What happens to MediShield Life premium subsidies when a Singapore Citizen moves to a residence with an annual value exceeding $31,000?",0,
How does MediShield Life calculate claim payouts for hospitalisations involving multiple claimable items in a subsidised ward?,,
"What is the purpose of the deductible in Singapore's MediShield Life scheme, and how does it affect the payout process?",,
"What determines the claim limits for various surgical procedures under Singapore's MediShield program, aside from Table 6B?",,
What criteria do Permanent Residents need to meet in order to qualify for premium subsidies under Singapore's MediShield program?,,
What assistance is provided to individuals who miss their premium payments under Singapore's MediShield Life Scheme?,1,
What happens if a MediShield Life policyholder experiences hospitalisation but has already reached the annual claim limit for the policy year?,,
What is the penalty imposed for late MediShield Life premium payments by insured members in Singapore?,,
"Under the MediShield Life Scheme, how are claims for overseas treatments determined for Singapore Citizens or Permanent Residents?",,
What happens if a policyholder under the MediShield Life Scheme switches from one Integrated Shield Plan provider to another during the policy year?,,
What is the monetary range that Singapore's MediShield Life program provides for financial support in subsidized treatments for cancer radiotherapy?,,
What happens to MediShield Life premiums when a policyholder transitions from the Merdeka Generation to Pioneer Generation status?,1,
What factors determine the eligibility for phased premium support under Singapore's MediShield program?,,
What factors are considered when calculating premium subsidies for MediShield Life in Singapore?,,
How does the deductible affect the amount payable by policyholders for hospitalisation under MediShield Life in cases of multiple hospital stays within the same year?,,
What provisions are available under MediShield Life for members who need prolonged hospital stays exceeding the standard claimable durations?,,
How are MediSave contributions adjusted for individuals with irregular incomes in Singapore under the MediShield Life program?,,
What factors influence the calculation of MediShield Life monthly premium amounts for individuals in Singapore?,,
What determines the allocation of MediSave funds for healthcare expenses in Singapore's MediShield program?,,
What is the rationale behind the application of different pro-ration factors for Singapore Citizens and Permanent Residents under MediShield Life?,,
What is the significance of MediSave in managing premium payments for MediShield Life in Singapore?,,
What considerations should young adults in Singapore factor in when deciding between MediShield Life coverage and an Integrated Shield Plan (IP)?,,
What adjustments are made to MediShield Life premiums for individuals living in larger households compared to smaller households?,,
What factors influence the amount of additional MediSave top-ups provided to Pioneer and Merdeka Generation seniors under the MediShield Life scheme?,,
What steps must be taken if a MediShield-insured member's MediSave account has insufficient funds to pay premiums?,,
What measures are implemented under the MediShield Life program to support individuals unable to afford their premiums without relying heavily on family support?,,
What are the requirements for a Singapore Citizen residing in a private property to qualify for MediShield Life Premium Subsidies?,,
What happens to MediShield claims if the charges incurred are fully covered by other insurance policies?,,
How does Singapore's MediShield program manage coverage for medical expenses incurred overseas in emergencies?,,
What steps should individuals take to accurately determine their applicable deductible before making a MediShield Life claim in Singapore?,,
How does Singapore's MediShield Life program compute payouts for treatments requiring subsidised outpatient care in specialised clinics?,,
What factors determine the overall subsidy percentage for Pioneer Generation individuals under the MediShield program in Singapore?,,
What factors affect the percentage of MediShield Life premiums subsidized by the Singapore Government?,,
What factors influence the allocation of MediSave top-ups for Pioneer Generation seniors?,,
What happens to MediShield Life coverage if a policyholder is unable to pay premiums due to financial constraints?,,
What is the penalty imposed on individuals who fail to maintain their MediShield Life premiums despite receiving financial assistance?,,
What factors influence the calculation of premium rebates for members under MediShield Life?,,
"What is the purpose of MediShield Life's pro-ration factor for subsidized bills, and how does it impact Permanent Residents compared to Singapore Citizens?",,
What is the process for appealing a rejected MediShield Life claim for a hospitalisation case in Singapore?,,
What changes occur to MediShield Life premiums when a policyholder transitions from subsidy-dependent to being fully self-funded?,,
What measures does the Singapore Government implement to ensure MediShield Life premiums remain affordable for residents even with premium increases?,,
What factors contribute to the calculation of 2027 MediShield Life premium increases for Singapore Citizens?,,
What financial assistance is available for policyholders who cannot meet MediShield Life premium payments due to insufficient family support?,,
What is the penalty for late MediShield Life premium payments in Singapore?,,
What financial assistance options are available for seniors with limited family support who struggle to afford their MediShield Life premiums?,,
What is the specific subsidy rate provided to Pioneer Generation Seniors under Singapore's MediShield program for outpatient cancer treatments?,,
What steps can a policyholder take if they have insufficient MediSave to pay for their MediShield Life premiums?,,
What is the process for appealing a claim rejection under Singapore's MediShield Life program?,,
What subsidies are provided by the Singapore government specifically for Pioneer Generation members under MediShield Life?,,